,l1,l2,l3,l4,l5,l6,l7
0,Tajrish,Sadeghieh,Ghaem,Allameh Jafari,Sadeghieh,Shahid Arman Ali Verdi,Meydan-e Ketab
1,Gheytariyeh,Tarasht,Shahid Mahallati,Eram Sabz,Eram Sabz,Shohadaye Kan,Shahid Dadman
2,Shahid Sadr,Daneshgah Sharif,Aghdasieh,Bimeh,Azadi Stadium,Shahran,Meydan-e Sanat
3,Gholhak,Shademan,Nobonyad,Meydan-e Azadi,Chitgar,Shahr-e Ziba,Milad Tower Tehran
4,Dr. Shariati,Shahid Navab Safavi,Hossein Abad,Ostad Moein,Iran Khodro,Ayatollah Kashani,Boostan-e Goftogoo
5,Mirdamad,Meydan-e Hor,Meydan-e Heravi,Dr. Habibollah,Vardavard,Shahid Sattari,Daneshgah Tarbiat Modares
6,Shahid Haghani,Daneshgah Emam Ali,Shahid Zeinoddin,Shademan,Garmdareh,Shahid Ashrafi Esfahani,Modafean-e Salamat
7,Shahid Hemmat,Hasan Abad,Khawajeh Abdollah Ansari,Towhid,Atmosfer,Yadegar-e Emam,Towhid
8,Mosalla Emam Khomeini,Emam Khomeini,Shahid Sayyad Shirazi,Meydan-e Enghelab Eslami,Karaj,Marzdaran,Shahid Navab Safavi
9,Shahid Beheshti,Mellat,Shahid Ghodousi,Theater-e Shahr,Mohammadshahr,Shahrak-e Azmayesh,Roudaki
10,Shahid Mofteh,Baharestan,Sohravardi,Ferdowsi,Golshahr,Daneshgah Tarbiat Modares,Komeil
11,Shohadaye Haft-e Tir,Darvazeh Shemiran,Shahid Beheshti,Darvazeh Dowlat,Shahid Fakhrizadeh,Kargar,Briyanak
12,Ayatollah Taleghani,Emam Hossein,Mirzaye Shirazi,Darvazeh Shemiran,Shahid Sepahbod Ghasem Soleimani,Boostan Laleh,Helal Ahmar
13,Darvazeh Dowlat,Shahid Madani,Meydan-e Jahad,Meydan-e Shohada,,Meydan-e Hazrat Vali Asr,Mahdieh
14,Saadi,Sabalan,Meydan-e Hazrat Vali Asr,Ebn-e Sina,,Maryam-e Moghaddas,Meydan-e Mohammadiyeh
15,Emam Khomeini,Fadak,Theater-e Shahr,Piroozi,,Shohadaye Haft-e Tir,Molavi
16,Panzdah Khordad,Janbazan,Moniriyeh,Nabard,,Bahar-e Shiraz,Meydan-e Ghiam
17,Khayyam,Sarsabz,Mahdieh,Niroo Havaei,,Sarbaz-e Vatan,Shohadayehefdah-e Shahrivar
18,Meydan-e Mohammadiyeh,Daneshgah Elm o Sanat,Rah Ahan,Shahid Kolahdooz,,Emam Hossein,Chehel Tan-e Dolab
19,Shoosh,Shahid Bagheri,Javadieh,,,Meydan-e Shohada,Ahang
20,Payaneh Jonoub,Tehranpars,Zamzam,,,Amirkabir,Basij
21,Shahid Bokharaei,Farhangsara,Shahrak-e Shariati,,,Shohadayehefdah-e Shahrivar,Takhti Stadium
22,Ali Abad,,Abdol Abad,,,Shahid Rezaei,
23,Javanmard-e Ghasab,,Nemat Abad,,,Be'sat,
24,Shahr-e Rey,,Azadegan,,,Kianshahr,
25,Palayeshgah,,,,,Shohadaye Dowlat Abad,
26,Shahed,,,,,,
27,Parand,,,,,,
28,Haram-e Motahar-e Emam Khomeini,,,,,,
29,Kahrizak,,,,,,
